id,weekday,month,day,time,year
05aac8e,Thu,Sep,12,19:33:01,2024
32e8178,Thu,Sep,12,19:32:15,2024
226bcc7,Thu,Sep,12,16:51:59,2024
f28ae7c,Thu,Sep,12,10:29:55,2024
2126cd9,Thu,Sep,12,0:07:26,2024
d870bb9,Wed,Sep,11,20:23:02,2024
ad224c1,Wed,Sep,11,15:26:10,2024
6db28d4,Wed,Sep,11,15:25:40,2024
99f503c,Wed,Sep,11,15:25:26,2024
a92d3db,Wed,Sep,11,15:25:05,2024
ad01168,Wed,Sep,11,15:24:41,2024
ff78c25,Wed,Sep,11,14:35:09,2024
b2fddf5,Wed,Sep,11,6:57:54,2024
b94291b,Tue,Sep,10,23:47:01,2024
6e4d1cd,Tue,Sep,10,23:41:32,2024
7ba35c5,Tue,Sep,10,23:41:04,2024
249f6ef,Tue,Sep,10,23:40:48,2024
65076ab,Tue,Sep,10,16:10:08,2024
3513fb3,Tue,Sep,10,16:09:05,2024
38fae2b,Tue,Sep,10,16:08:28,2024
3d2492a,Tue,Sep,10,16:08:10,2024
60fae68,Tue,Sep,10,16:07:47,2024
3.67E+08,Tue,Sep,10,16:07:05,2024
eb23dd5,Tue,Sep,10,9:56:06,2024
bb2b130,Tue,Sep,10,9:55:51,2024
56516b6,Tue,Sep,10,9:55:15,2024
693b3d3,Tue,Sep,10,9:54:33,2024
9ec9950,Tue,Sep,10,9:03:15,2024
a4ba3f4,Tue,Sep,10,9:02:18,2024
77de566,Tue,Sep,10,6:35:05,2024
c3afa42,Mon,Sep,9,22:15:55,2024
5b7c2c5,Mon,Sep,9,20:30:24,2024
9b2cfc0,Mon,Sep,9,18:06:19,2024
1c2b78e,Mon,Sep,9,15:29:00,2024
e9c00e4,Mon,Sep,9,6:49:13,2024
e007900,Sun,Sep,8,20:11:24,2024
15399cb,Sun,Sep,8,10:54:38,2024
0c0df36,Sun,Sep,8,10:47:17,2024
da5504e,Sun,Sep,8,9:52:09,2024
4bb541d,Sun,Sep,8,6:58:22,2024
4dbaf50,Sun,Sep,8,6:47:54,2024
03f7470,Sun,Sep,8,6:47:16,2024
3f302bc,Sun,Sep,8,6:29:35,2024
236126c,Sun,Sep,8,6:16:20,2024
4c0c0d1,Sat,Sep,7,23:31:05,2024
f4af6e6,Sat,Sep,7,23:25:49,2024
a974f4f,Wed,Sep,4,20:42:11,2024
3e275c4,Wed,Sep,4,7:11:10,2024
41c7378,Tue,Sep,3,23:38:44,2024
29aae23,Tue,Sep,3,21:49:43,2024
5d344e4,Tue,Sep,3,17:36:20,2024
83dfd41,Tue,Sep,3,16:50:40,2024
3fac145,Tue,Sep,3,14:01:14,2024
26d0316,Tue,Sep,3,13:53:03,2024
32ab86c,Tue,Sep,3,10:52:35,2024
6464e5c,Tue,Sep,3,10:44:49,2024
8fa7328,Tue,Sep,3,10:30:19,2024
0c7a0e9,Tue,Sep,3,8:46:41,2024
f35a3a7,Tue,Sep,3,6:58:20,2024
96337b9,Tue,Sep,3,6:53:31,2024
42564a5,Tue,Sep,3,6:25:30,2024
2bdd9b5,Tue,Sep,3,1:25:23,2024
3bd6abd,Tue,Sep,3,0:29:10,2024
ccb0207,Mon,Sep,2,10:56:32,2024
a4c67b1,Sun,Sep,1,16:17:04,2024
fa709a4,Sun,Sep,1,15:11:39,2024
b875c5c,Sun,Sep,1,13:25:30,2024
a32eff5,Sun,Sep,1,11:50:18,2024
f02f4d7,Sun,Sep,1,9:34:25,2024
a1a8a5d,Sun,Sep,1,9:30:39,2024
a3a0f50,Sun,Sep,1,7:24:18,2024
485c6db,Tue,Aug,27,12:53:06,2024
0b81f49,Tue,Aug,27,0:48:37,2024
c557f5e,Mon,Aug,26,1:05:24,2024
6bd35f7,Mon,Aug,26,0:06:26,2024
fbfbb66,Sun,Aug,25,21:36:44,2024
0b6fe76,Sun,Aug,25,9:26:31,2024
bd4feef,Sun,Aug,25,7:22:25,2024
4fed51d,Sun,Aug,25,0:54:53,2024
4173109,Sat,Aug,24,23:48:14,2024
532c6bc,Sat,Aug,24,23:13:03,2024
2d6eb9d,Sat,Aug,24,21:48:12,2024
b0ff4ff,Sat,Aug,24,21:31:52,2024
a5eff73,Sat,Aug,24,20:05:15,2024
a132056,Sat,Aug,24,19:36:43,2024
d43e3b0,Sat,Aug,24,17:55:15,2024
4fbd397,Sat,Aug,24,15:22:13,2024
795131a,Sat,Aug,24,10:13:05,2024
940dc09,Sat,Aug,24,0:12:08,2024
73a1610,Fri,Aug,23,17:10:37,2024
49c29dc,Fri,Aug,23,10:18:02,2024
8d88836,Fri,Aug,23,9:57:30,2024
38c4ba5,Fri,Aug,23,9:29:55,2024
92d2a2f,Fri,Aug,23,1:17:02,2024
beafb4f,Thu,Aug,22,8:54:05,2024
0c38e4b,Thu,Aug,22,7:31:13,2024
c624d51,Thu,Aug,22,7:14:57,2024
be44d40,Thu,Aug,22,0:39:04,2024
9d225f3,Wed,Aug,21,21:37:05,2024
41ed8ff,Wed,Aug,21,20:18:33,2024
3f874ee,Wed,Aug,21,19:38:24,2024
94beef9,Wed,Aug,21,10:55:56,2024
f3be889,Tue,Aug,20,21:31:11,2024
66d6fef,Tue,Aug,20,17:07:33,2024
ad1779d,Tue,Nov,29,20:20:35,2022
a6ebfac,Tue,Sep,27,1:45:27,2022
dfee8b0,Tue,Sep,13,13:24:35,2022
afbda78,Tue,Sep,13,12:07:38,2022
0fb1a76,Tue,Sep,13,9:38:53,2022
04ee7fe,Tue,Sep,13,9:36:56,2022